m,Case A: x(y^T z),Case B: (xy^T)z
256,0.000196,0.015462
512,0.000277,0.049242
1024,0.000368,0.14783
2048,0.001139,0.637627
4096,0.00153,2.32494
