guess_no,s,y_at_1,dy_at_1
1,1,,1.35549
2,-1,,-0.69598
3,-1.10141,,-0.735422
4,-1.26745,,-0.788825
5,-1.30219,,-0.798286
6,-1.30849,,-0.799938
7,-1.30872,,-0.8
